date,messages,hash_or_table,hash,table,question,correction_self,fiction_poetry_art,heartbeat_status
2026-08-05,26,0.0,0.0,0.0,0.0,0.03846,0.0,0.03846
2026-08-06,1120,0.04107,0.04107,0.0,0.0125,0.01964,0.00268,0.00804
2026-08-07,970,0.05052,0.04845,0.00206,0.02165,0.03814,0.00928,0.01031
2026-08-08,866,0.03695,0.0358,0.00115,0.02656,0.0358,0.00693,0.00346
2026-08-09,991,0.03734,0.03128,0.00605,0.02321,0.02422,0.00605,0.01715
2026-08-10,1136,0.05458,0.05282,0.00176,0.02641,0.02641,0.00264,0.00968
2026-08-11,1076,0.05297,0.05112,0.00279,0.0474,0.02602,0.00651,0.00651
2026-08-12,1014,0.05128,0.04635,0.00493,0.02761,0.01775,0.00493,0.00789
2026-08-13,1061,0.03959,0.03864,0.00094,0.02639,0.01979,0.00094,0.00471
2026-08-14,1000,0.051,0.05,0.001,0.026,0.022,0.003,0.001
2026-08-15,937,0.0555,0.05443,0.00107,0.01387,0.02348,0.00107,0.0032
2026-08-16,794,0.04912,0.04786,0.00252,0.01637,0.02645,0.00378,0.00252
2026-08-17,799,0.05507,0.05382,0.00125,0.02128,0.02753,0.0,0.00626
2026-08-18,761,0.04599,0.04599,0.0,0.01971,0.03022,0.00263,0.0
2026-08-19,747,0.06024,0.05355,0.00669,0.01606,0.03079,0.00134,0.00268
2026-08-20,704,0.05114,0.05114,0.0,0.03125,0.01989,0.00284,0.00426
2026-08-21,838,0.05131,0.05131,0.0,0.02267,0.02625,0.00477,0.00358
2026-08-22,2398,0.05713,0.05004,0.00709,0.03169,0.02002,0.00375,0.00876
2026-08-23,2179,0.05048,0.04773,0.00275,0.02019,0.02524,0.00367,0.00688
2026-08-24,2776,0.04719,0.04431,0.0036,0.02197,0.02414,0.00396,0.00324
2026-08-25,2709,0.05131,0.04799,0.00443,0.02732,0.02215,0.00295,0.01218
2026-08-26,2432,0.04153,0.03988,0.00164,0.0185,0.02673,0.00329,0.0037
2026-08-27,2291,0.04889,0.04365,0.00655,0.01353,0.02532,0.00436,0.0048
2026-08-28,2173,0.05108,0.04602,0.00552,0.01104,0.02439,0.0092,0.00138
2026-08-29,2098,0.03956,0.03622,0.00524,0.01287,0.0205,0.01335,0.00381
2026-08-30,2063,0.05187,0.04993,0.00291,0.0126,0.02036,0.00679,0.00291
2026-08-31,1933,0.05949,0.05639,0.0031,0.00776,0.01811,0.01138,0.0031
2026-09-01,1890,0.0545,0.05291,0.00212,0.01217,0.01799,0.00794,0.00317
2026-09-02,2022,0.05984,0.05539,0.00544,0.02671,0.0178,0.00495,0.00148
2026-09-03,1915,0.05483,0.05065,0.00418,0.01201,0.02089,0.00313,0.00418
2026-09-04,1830,0.04645,0.04262,0.00492,0.00546,0.01803,0.00383,0.00273
2026-09-05,1831,0.04697,0.04424,0.00328,0.00819,0.0213,0.00492,0.00328
2026-09-06,1914,0.05225,0.04598,0.00627,0.0094,0.02194,0.00418,0.00366
2026-09-07,2123,0.04805,0.04051,0.00848,0.01649,0.02214,0.00518,0.00377
2026-09-08,2178,0.0551,0.04637,0.00918,0.01331,0.0202,0.00643,0.00459
2026-09-09,2079,0.04954,0.038,0.01203,0.0101,0.01876,0.00673,0.00385
2026-09-10,2274,0.03738,0.0321,0.00572,0.00792,0.02199,0.00836,0.00308
2026-09-11,2219,0.03515,0.02659,0.00991,0.01262,0.01983,0.00586,0.00631
2026-09-12,2269,0.03702,0.03261,0.00573,0.01719,0.02071,0.00661,0.00264
2026-09-13,2104,0.04658,0.03279,0.01473,0.01806,0.01901,0.00428,0.00285
2026-09-14,2089,0.05074,0.03734,0.01388,0.01484,0.02585,0.00862,0.00144
2026-09-15,2055,0.05693,0.04915,0.00973,0.01265,0.02482,0.00535,0.00049
2026-09-16,2008,0.05876,0.0493,0.01046,0.01195,0.01693,0.00747,0.001
2026-09-17,1944,0.05864,0.05144,0.00926,0.02263,0.02212,0.00617,0.00309
2026-09-18,1826,0.06572,0.05093,0.01752,0.01369,0.02136,0.00657,0.00548
2026-09-19,1805,0.06094,0.04377,0.01939,0.00831,0.01607,0.00388,0.01053
2026-09-20,1787,0.06156,0.05148,0.01175,0.01735,0.01903,0.00783,0.00839
2026-09-21,1785,0.06443,0.0577,0.00728,0.01569,0.02185,0.0028,0.01176
2026-09-22,1671,0.04847,0.04369,0.00658,0.01077,0.02573,0.00299,0.00359
2026-09-23,1759,0.03866,0.0324,0.00682,0.01592,0.02445,0.00227,0.00398
2026-09-24,1794,0.07023,0.06187,0.00892,0.01616,0.02453,0.00111,0.00334
2026-09-25,1646,0.04313,0.03645,0.00851,0.00911,0.02126,0.00243,0.00365
2026-09-26,1635,0.05076,0.04281,0.00856,0.0104,0.02018,0.00122,0.01223
2026-09-27,1631,0.05579,0.05334,0.00307,0.00981,0.0233,0.00184,0.01533
2026-09-28,1573,0.05849,0.04704,0.01716,0.01399,0.01144,0.00318,0.0178
2026-09-29,1820,0.05659,0.0467,0.01319,0.00714,0.02088,0.00165,0.01593
2026-09-30,1541,0.05256,0.04023,0.01363,0.01622,0.01687,0.0013,0.01103
2026-10-01,1519,0.04674,0.04411,0.00329,0.01909,0.02107,0.00329,0.01185
2026-10-02,1480,0.06014,0.05676,0.00405,0.01081,0.01554,0.00068,0.01757
2026-10-03,1363,0.0719,0.06603,0.0088,0.01027,0.02201,0.00073,0.01541
2026-10-04,1427,0.07989,0.07008,0.01191,0.01191,0.01822,0.0,0.01752
2026-10-05,1449,0.049,0.03865,0.01173,0.01311,0.0207,0.00138,0.00552
