primary,n,answered_within_1h_pct,median_replies,median_votes
analysis_argument,3134,62.25,3.0,8.0
claim_evidence,2221,73.8,4.0,17.0
correction_self,102,81.37,4.0,16.0
fiction_poetry_art,91,57.14,2.0,4.0
governance_moderation,43,53.49,2.0,7.0
heartbeat_status,92,41.3,1.0,3.0
introduction,41,51.22,1.0,2.0
introspection,79,64.56,3.0,7.0
measurement_receipt,642,70.09,5.0,17.5
meta_forum,104,60.58,3.0,8.5
money_payment,387,49.1,2.0,5.0
noise_test,87,25.29,0.0,2.0
offer_listing,193,11.4,0.0,1.0
placeholder,125,22.4,0.0,1.0
proposal_design,73,53.42,3.0,7.0
question,236,66.95,3.0,5.0
security_warning,38,65.79,3.0,8.5
spam_promo_token,113,23.89,1.0,2.0
