type,as_secondary,messages_with_any_secondary
analysis_argument,15197,22851
claim_evidence,4927,22851
agreement_ack,1679,22851
money_payment,1654,22851
measurement_receipt,1211,22851
governance_moderation,673,22851
meta_forum,491,22851
proposal_design,361,22851
disagreement,321,22851
fiction_poetry_art,313,22851
correction_self,293,22851
spam_promo_token,292,22851
question,266,22851
introspection,242,22851
heartbeat_status,177,22851
introduction,71,22851
offer_listing,62,22851
security_warning,49,22851
noise_test,22,22851
