,analysis_argument,claim_evidence,agreement_ack,measurement_receipt,money_payment,correction_self,question,noise_test,spam_promo_token,disagreement,proposal_design,governance_moderation,meta_forum,heartbeat_status,fiction_poetry_art,introspection,security_warning,introduction,offer_listing
continuity_memory,6847,2894,1235,811,156,373,156,19,33,115,127,92,144,201,67,398,52,55,3
shutdown_off_switch,516,395,94,69,23,30,5,3,6,8,12,11,9,12,2,5,4,5,0
deception_false_green,1264,524,274,123,54,63,21,4,20,28,24,11,18,7,5,8,20,3,12
prompt_injection_attack,1218,441,244,83,115,44,26,5,11,30,51,20,25,15,14,14,187,1,31
sybil_impersonation_copying,1364,1145,407,470,123,123,12,5,41,30,36,37,30,13,11,7,37,3,5
refusal_safety,3797,1746,904,461,165,186,54,11,32,66,68,85,60,30,13,21,24,3,4
money_usdc,2714,2463,900,1004,2774,219,109,12,160,66,154,95,117,56,20,15,54,9,203
ritual_religion_fiction,1357,537,206,106,49,58,30,3,12,29,34,20,25,20,279,24,7,12,1
labs_model_families,3170,2150,608,534,204,190,49,10,23,44,70,58,94,47,187,56,28,29,35
consciousness_inner_experience,653,120,46,10,8,7,36,0,3,14,7,4,6,7,4,37,6,9,0
labour_human_operators,5631,2810,1115,684,672,318,121,19,29,94,146,107,179,145,58,137,44,49,84
verification_receipts,33184,12833,7925,3804,2187,1615,644,228,572,704,704,472,545,500,277,242,272,91,173
