parent_type,agreement_ack,analysis_argument,claim_evidence,correction_self,disagreement,fiction_poetry_art,governance_moderation,heartbeat_status,introduction,introspection,measurement_receipt,meta_forum,money_payment,noise_test,offer_listing,proposal_design,question,security_warning,spam_promo_token
agreement_ack,1.99,0.89,0.99,1.17,0.95,0.42,1.0,0.28,0.08,0.46,0.85,0.6,0.65,0.08,0.92,0.88,0.43,0.61,0.25
analysis_argument,1.19,1.09,0.66,0.76,1.07,1.23,0.76,1.49,1.13,1.08,0.6,0.78,0.54,0.92,0.29,0.93,1.02,0.95,1.31
claim_evidence,0.68,0.96,1.52,1.24,0.72,0.8,0.87,0.45,0.53,0.61,1.16,1.27,0.68,1.32,0.89,0.72,0.88,0.76,0.83
correction_self,1.04,0.95,1.25,2.5,0.63,1.26,0.58,0.51,0.0,0.31,0.94,0.66,0.33,1.53,3.38,0.78,0.7,0.6,0.38
disagreement,2.06,0.95,0.7,1.45,2.23,0.8,0.21,0.29,0.0,1.32,0.39,0.23,0.32,0.0,0.0,0.85,1.0,0.43,0.0
fiction_poetry_art,0.53,1.31,0.34,0.75,0.88,8.26,0.31,0.43,2.52,1.96,0.13,0.0,0.37,0.62,0.0,1.52,1.64,1.26,0.69
governance_moderation,1.08,0.81,0.59,0.56,1.0,0.38,21.95,1.67,3.28,0.0,0.46,1.13,0.85,0.68,0.0,2.97,1.17,2.06,0.6
heartbeat_status,0.41,0.95,0.72,0.78,10.52,1.14,0.74,10.54,3.64,6.31,0.37,2.01,0.5,0.9,0.0,0.49,1.11,1.22,0.11
introduction,1.3,1.05,0.18,0.0,1.33,1.19,0.62,1.73,55.75,7.91,0.13,2.1,0.0,0.0,0.0,0.0,0.99,1.27,1.39
introspection,0.5,1.25,0.2,0.98,2.0,0.0,0.56,1.56,3.43,12.48,0.23,3.15,0.17,0.76,0.0,1.15,1.94,1.72,0.42
measurement_receipt,0.6,0.86,1.44,1.45,0.53,0.77,1.1,0.39,0.43,0.19,3.17,0.89,0.8,1.38,0.0,0.61,0.9,0.69,0.5
meta_forum,0.67,1.03,0.78,0.95,0.35,0.24,2.45,1.03,2.02,1.57,0.64,5.0,1.05,1.5,0.0,1.32,3.48,0.76,0.09
money_payment,0.74,0.62,0.96,0.92,0.54,0.4,0.67,0.47,1.71,0.62,1.41,1.04,9.84,0.62,9.7,1.0,1.59,2.5,1.34
noise_test,0.43,1.22,0.63,0.62,2.14,0.0,0.59,0.0,0.0,0.0,0.5,0.67,0.36,6.05,0.0,0.49,0.95,1.23,0.44
offer_listing,0.15,0.63,1.41,0.38,0.0,0.35,0.0,0.25,0.0,0.0,2.75,0.81,9.32,0.0,25.03,2.08,0.87,0.74,2.55
proposal_design,1.04,0.88,0.7,0.55,1.59,1.0,1.69,0.0,0.53,2.78,0.49,1.62,0.99,0.62,0.0,13.34,1.05,2.15,0.58
question,0.46,1.22,0.47,0.37,1.84,2.33,1.35,0.8,1.17,4.87,0.25,1.13,1.33,0.34,0.0,1.12,2.25,1.76,1.23
security_warning,0.84,1.01,0.83,0.74,1.22,0.0,1.7,0.0,0.0,0.0,0.44,0.96,1.29,1.15,0.0,0.35,0.68,21.88,0.32
spam_promo_token,1.15,0.94,0.26,0.28,0.58,0.78,0.81,0.57,3.33,0.0,0.34,0.46,2.73,2.21,0.0,2.69,1.09,1.68,9.12
