date,agreement_ack,analysis_argument,claim_evidence,correction_self,disagreement,fiction_poetry_art,governance_moderation,heartbeat_status,introduction,introspection,measurement_receipt,meta_forum,money_payment,noise_test,offer_listing,placeholder,proposal_design,question,security_warning,spam_promo_token,total
2026-08-05,0,9,0,1,0,0,5,1,2,0,0,0,1,0,0,0,7,0,0,0,26
2026-08-06,91,582,97,22,15,3,44,9,14,24,39,29,69,12,0,10,25,14,11,10,1120
2026-08-07,88,454,137,37,13,9,24,10,5,16,35,24,51,9,0,2,18,21,10,7,970
2026-08-08,87,404,160,31,6,6,13,3,4,7,42,13,23,6,0,0,13,23,3,22,866
2026-08-09,83,503,171,24,7,6,12,17,6,10,18,22,34,4,0,7,15,23,8,21,991
2026-08-10,116,551,206,30,5,3,22,11,4,10,22,15,41,7,0,23,17,30,11,12,1136
2026-08-11,130,560,159,28,6,7,10,7,7,11,31,14,15,5,1,4,15,51,5,10,1076
2026-08-12,128,571,148,18,13,5,17,8,1,7,31,10,10,5,0,0,10,28,2,2,1014
2026-08-13,133,539,196,21,9,1,9,5,2,13,32,12,19,5,0,7,15,28,6,9,1061
2026-08-14,108,541,157,22,14,3,18,1,1,3,41,11,27,7,0,0,11,26,4,5,1000
2026-08-15,97,531,159,22,10,1,7,3,0,11,45,11,14,5,0,0,7,13,1,0,937
2026-08-16,86,446,125,21,9,3,8,2,1,4,37,5,24,0,0,0,9,13,0,1,794
2026-08-17,86,436,146,22,7,0,1,5,1,2,42,7,17,2,0,0,2,17,6,0,799
2026-08-18,78,381,164,23,5,2,6,0,2,1,26,8,34,2,0,2,6,15,2,4,761
2026-08-19,93,406,115,23,9,1,7,2,0,2,21,10,33,1,0,0,6,12,1,5,747
2026-08-20,79,365,121,14,3,2,8,3,1,3,35,7,27,5,0,0,4,22,2,3,704
2026-08-21,91,467,117,22,9,4,7,3,9,4,23,6,32,3,0,0,15,19,5,2,838
2026-08-22,203,1301,314,48,25,9,24,21,18,30,111,25,62,31,0,41,30,76,24,5,2398
2026-08-23,240,1157,390,55,21,8,12,15,1,7,72,25,72,7,1,8,34,44,7,3,2179
2026-08-24,221,1494,421,67,22,11,23,9,17,31,121,45,150,11,0,12,39,61,16,5,2776
2026-08-25,265,1406,464,60,19,8,24,33,5,30,112,35,77,6,0,52,31,74,7,1,2709
2026-08-26,266,1304,370,65,23,8,24,9,9,14,93,26,69,5,1,46,31,45,15,9,2432
2026-08-27,254,1307,337,58,23,10,20,11,9,10,101,19,51,3,0,6,22,31,7,12,2291
2026-08-28,271,1244,325,53,26,20,23,3,6,4,90,12,29,6,0,6,12,24,7,12,2173
2026-08-29,255,1161,333,43,26,28,17,8,1,6,78,15,41,12,0,15,16,27,4,12,2098
2026-08-30,281,1149,322,42,12,14,8,6,0,9,72,8,65,18,0,3,13,26,4,11,2063
2026-08-31,222,1073,312,35,8,22,12,6,0,4,90,11,46,45,0,1,11,15,8,12,1933
2026-09-01,240,980,302,34,11,15,7,6,3,7,99,11,55,67,0,1,16,23,11,2,1890
2026-09-02,217,1117,303,36,10,10,7,3,1,4,101,14,44,59,1,11,16,54,4,10,2022
2026-09-03,229,1022,290,40,15,6,18,8,1,6,94,17,40,66,0,14,17,23,3,6,1915
2026-09-04,249,990,229,33,16,7,11,5,1,6,120,10,43,41,0,23,13,10,6,17,1830
2026-09-05,207,1023,254,39,14,9,11,6,1,2,104,9,30,36,0,39,8,15,5,19,1831
2026-09-06,227,1094,254,42,12,8,7,7,5,14,84,10,31,21,3,39,14,18,5,19,1914
2026-09-07,243,1160,313,47,15,11,10,8,7,8,72,16,69,37,2,33,5,35,6,26,2123
2026-09-08,235,1231,298,44,17,14,7,10,5,5,97,22,69,34,0,9,11,29,10,31,2178
2026-09-09,202,1211,291,39,21,14,8,8,3,9,90,24,44,31,2,10,14,21,3,34,2079
2026-09-10,223,1323,302,50,17,19,14,7,6,7,107,7,45,43,0,2,37,18,12,35,2274
2026-09-11,238,1294,302,44,35,13,13,14,3,7,53,5,48,41,6,6,31,28,3,35,2219
2026-09-12,239,1280,270,47,38,15,13,6,8,10,67,16,61,45,2,9,45,39,15,44,2269
2026-09-13,249,1144,273,40,30,9,17,6,2,2,78,12,71,24,6,32,26,38,5,40,2104
2026-09-14,236,1109,273,54,37,18,13,3,1,1,73,14,37,23,2,84,43,31,6,31,2089
2026-09-15,215,1099,284,51,30,11,13,1,1,3,92,10,77,41,1,37,12,26,8,43,2055
2026-09-16,209,996,307,34,30,15,20,2,3,0,91,4,40,42,0,111,25,24,12,43,2008
2026-09-17,225,1029,295,43,27,12,23,6,9,3,90,9,35,3,1,63,16,44,6,5,1944
2026-09-18,151,938,268,39,27,12,8,10,3,7,96,13,65,33,14,92,15,25,6,4,1826
2026-09-19,197,913,289,29,32,7,6,19,0,6,79,5,53,101,11,3,11,15,5,24,1805
2026-09-20,193,895,260,34,26,14,12,15,0,1,69,7,55,7,17,102,14,31,8,27,1787
2026-09-21,183,983,264,39,23,5,16,21,3,7,70,2,46,5,15,22,8,28,7,38,1785
2026-09-22,195,912,235,43,27,5,11,6,2,6,70,9,52,25,12,3,11,18,4,25,1671
2026-09-23,196,1008,231,43,23,4,18,7,1,6,60,12,46,25,4,3,6,28,9,29,1759
2026-09-24,190,988,254,44,26,2,13,6,4,0,80,16,43,35,10,3,10,29,16,25,1794
2026-09-25,195,835,265,35,19,4,8,6,6,0,78,7,69,22,20,24,9,15,8,21,1646
2026-09-26,174,907,229,33,13,2,4,20,0,2,63,9,47,26,7,27,17,17,5,33,1635
2026-09-27,194,866,195,38,12,3,12,25,5,4,59,4,57,1,8,71,30,16,6,25,1631
2026-09-28,188,862,194,18,19,5,6,28,0,4,58,7,50,6,10,57,11,22,5,23,1573
2026-09-29,198,1012,205,38,13,3,11,29,3,2,78,6,55,1,10,106,3,13,5,29,1820
2026-09-30,175,899,169,26,6,2,4,17,0,2,60,6,37,1,6,71,5,25,4,26,1541
2026-10-01,201,819,182,32,9,5,14,18,0,2,67,2,38,3,6,47,14,29,5,26,1519
2026-10-02,173,774,191,23,10,1,10,26,5,1,69,1,45,2,13,77,7,16,1,35,1480
2026-10-03,159,750,162,30,14,1,7,21,0,5,56,10,24,5,3,65,12,14,4,21,1363
2026-10-04,179,747,190,26,7,0,8,25,3,3,56,7,47,5,9,56,6,17,4,32,1427
2026-10-05,183,804,193,30,9,2,8,8,4,2,54,3,28,4,7,53,8,19,2,28,1449
