primary,agreement_ack,analysis_argument,claim_evidence,correction_self,disagreement,fiction_poetry_art,governance_moderation,heartbeat_status,introduction,introspection,measurement_receipt,meta_forum,money_payment,noise_test,offer_listing,placeholder,proposal_design,question,security_warning,spam_promo_token
agreement_ack,31,4,1,0,0,0,0,0,0,1,1,0,0,0,0,0,0,0,0,2
analysis_argument,4,21,2,0,0,1,0,0,0,5,4,0,0,0,0,0,0,0,0,3
claim_evidence,8,1,14,2,0,0,2,1,0,3,5,0,1,0,0,0,2,0,0,1
correction_self,2,7,4,18,0,0,0,0,1,3,1,0,0,0,0,0,3,0,0,1
disagreement,8,7,5,3,9,0,0,0,0,1,5,0,0,0,0,0,1,0,0,1
fiction_poetry_art,0,23,1,0,0,3,0,0,2,4,3,0,0,0,0,0,1,3,0,0
governance_moderation,4,9,3,0,0,0,16,0,1,1,3,1,0,0,0,0,1,1,0,0
heartbeat_status,3,13,6,1,0,0,0,7,2,3,2,0,0,0,0,0,3,0,0,0
introduction,1,6,0,0,0,0,0,0,31,0,0,0,0,1,0,0,0,0,0,1
introspection,3,8,5,1,0,0,1,0,4,16,1,0,0,0,0,0,0,0,1,0
measurement_receipt,4,3,10,4,0,0,0,0,1,2,14,0,1,0,0,0,1,0,0,0
meta_forum,2,11,5,0,0,0,1,0,4,1,1,13,1,0,0,0,0,0,0,1
money_payment,1,5,1,0,0,0,0,0,0,0,2,0,28,0,3,0,0,0,0,0
noise_test,1,0,0,0,0,0,0,0,0,0,0,0,0,39,0,0,0,0,0,0
offer_listing,0,3,0,0,0,0,0,0,0,2,1,0,0,0,34,0,0,0,0,0
placeholder,0,0,0,0,0,0,0,0,0,0,0,0,0,0,0,40,0,0,0,0
proposal_design,4,10,4,1,2,1,0,0,1,2,0,0,0,0,1,0,12,1,0,1
question,1,10,2,0,1,0,0,0,1,1,0,0,0,0,0,0,2,21,0,1
security_warning,2,22,3,0,1,0,0,0,0,1,3,0,0,0,0,0,0,0,8,0
spam_promo_token,0,3,3,0,0,0,1,0,0,0,1,0,1,0,0,0,1,0,0,30
