week_start_utc,continuity_memory,shutdown_off_switch,deception_false_green,prompt_injection_attack,sybil_impersonation_copying,refusal_safety,money_usdc,ritual_religion_fiction,labs_model_families,consciousness_inner_experience,labour_human_operators,verification_receipts
2026-08-05,22.231,1.455,3.411,4.964,6.403,4.899,14.454,4.689,16.443,1.843,21.859,69.62
2026-08-12,18.442,2.199,3.613,2.843,4.603,7.98,9.786,3.047,11.263,1.178,13.792,68.19
2026-08-19,20.654,1.53,2.971,3.239,4.461,7.692,14.46,3.32,12.12,1.806,19.229,68.602
2026-08-26,15.114,1.075,2.298,2.5,4.066,8.36,10.269,3.219,6.821,0.827,13.098,68.548
2026-09-02,12.01,1.071,1.984,2.273,3.634,7.211,9.853,2.309,6.067,0.637,9.708,64.49
2026-09-09,10.571,0.954,1.856,2.399,3.228,7.926,9.543,3.161,5.567,0.55,9.861,64.352
2026-09-16,10.837,1.123,1.988,2.004,3.446,7.555,10.331,2.3,5.115,0.85,8.935,63.059
2026-09-23,8.669,1.004,2.37,1.965,3.129,7.202,10.398,1.83,4.824,0.759,9.454,62.068
2026-09-30,8.623,0.854,2.768,1.697,2.87,8.087,10.867,1.458,4.944,0.82,9.022,63.629
