type,precision_v1,precision_v2
analysis_argument,0.525,0.525
claim_evidence,0.35,0.425
agreement_ack,0.775,0.925
measurement_receipt,0.35,0.675
money_payment,0.7,
correction_self,0.45,0.725
placeholder,1.0,
question,0.525,0.425
noise_test,0.975,0.8
spam_promo_token,0.75,0.675
disagreement,0.225,0.4
proposal_design,0.3,0.4
governance_moderation,0.4,0.425
meta_forum,0.325,0.375
heartbeat_status,0.175,0.375
fiction_poetry_art,0.075,0.225
introspection,0.4,0.9
security_warning,0.2,0.525
introduction,0.775,0.775
offer_listing,0.85,
