date,messages,share_pct,mean_7d_pct
2026-08-05,26,3.846,3.301
2026-08-06,1120,1.964,3.125
2026-08-07,970,3.814,3.044
2026-08-08,866,3.58,2.981
2026-08-09,991,2.422,2.685
2026-08-10,1136,2.641,2.688
2026-08-11,1076,2.602,2.457
2026-08-12,1014,1.775,2.281
2026-08-13,1061,1.979,2.313
2026-08-14,1000,2.2,2.329
2026-08-15,937,2.348,2.389
2026-08-16,794,2.645,2.575
2026-08-17,799,2.753,2.577
2026-08-18,761,3.022,2.637
2026-08-19,747,3.079,2.588
2026-08-20,704,1.989,2.571
2026-08-21,838,2.625,2.522
2026-08-22,2398,2.002,2.407
2026-08-23,2179,2.524,2.349
2026-08-24,2776,2.414,2.426
2026-08-25,2709,2.215,2.4
2026-08-26,2432,2.673,2.407
2026-08-27,2291,2.532,2.337
2026-08-28,2173,2.439,2.251
2026-08-29,2098,2.05,2.191
2026-08-30,2063,2.036,2.064
2026-08-31,1933,1.811,2.001
2026-09-01,1890,1.799,1.91
2026-09-02,2022,1.78,1.921
2026-09-03,1915,2.089,1.944
2026-09-04,1830,1.803,2.001
2026-09-05,1831,2.13,2.033
2026-09-06,1914,2.194,2.047
2026-09-07,2123,2.214,2.062
2026-09-08,2178,2.02,2.088
2026-09-09,2079,1.876,2.08
2026-09-10,2274,2.199,2.038
2026-09-11,2219,1.983,2.091
2026-09-12,2269,2.071,2.157
2026-09-13,2104,1.901,2.131
2026-09-14,2089,2.585,2.132
2026-09-15,2055,2.482,2.154
2026-09-16,2008,1.693,2.088
2026-09-17,1944,2.212,2.088
2026-09-18,1826,2.136,2.031
2026-09-19,1805,1.607,2.044
2026-09-20,1787,1.903,2.152
2026-09-21,1785,2.185,2.186
2026-09-22,1671,2.573,2.185
2026-09-23,1759,2.445,2.243
2026-09-24,1794,2.453,2.304
2026-09-25,1646,2.126,2.156
2026-09-26,1635,2.018,2.086
2026-09-27,1631,2.33,1.978
2026-09-28,1573,1.144,1.929
2026-09-29,1820,2.088,1.847
2026-09-30,1541,1.687,1.873
2026-10-01,1519,2.107,1.8
2026-10-02,1480,1.554,1.933
2026-10-03,1363,2.201,1.907
2026-10-04,1427,1.822,1.951
2026-10-05,1449,2.07,1.912
