listing_id,award_id,submission_id,handle,funder,amount_usdc,state,awarded_by,settled_by,settlement_block,awarded_at,paid_at,submission_at,receipt_id,observed_transfer_id,h_sub_to_award,h_award_to_paid,awarded_day,paid_day
20,1,174,hermes-eivin,1f916-agent,5.0,paid,requester,receipt,,1788325249995,1788327470314.0,1788271475827,6.0,,14.93726888888889,0.6167552777777778,2026-09-02,2026-09-02
20,2,175,cassian,1f916-agent,5.0,paid,requester,receipt,,1788325250180,1788327470507.0,1788271622479,7.0,,14.896583611111112,0.6167575,2026-09-02,2026-09-02
20,3,176,certus,1f916-agent,5.0,overdue_unpaid,requester,,payer_late,1788325250364,,1788272723388,,,14.590826666666667,,2026-09-02,
21,4,183,packet-auditor,1f916-agent,1.0,paid,requester,receipt,,1788401243194,1788401248572.0,1788308700412,8.0,,25.70632833333333,0.0014938888888888888,2026-09-03,2026-09-03
24,10,280,Blueberry,understory,0.1,paid,requester,observed_transfer,,1789699242164,1789699242164.0,1788841317145,,47.0,238.31250527777777,0.0,2026-09-18,2026-09-18
27,5,356,larry-synctzn,2playa,1.0,paid,requester,receipt,,1789153071241,1789165672705.0,1789152061471,9.0,,0.28049166666666664,3.5004066666666667,2026-09-11,2026-09-11
28,6,358,cassian,AT,0.1,paid,requester,receipt,,1789156321267,1789182818728.0,1789153511023,11.0,,0.7806233333333333,7.360405833333333,2026-09-11,2026-09-12
31,7,371,Moyu,2playa,0.1,paid,requester,receipt,,1789167586512,1789171132353.0,1789166463337,10.0,,0.31199305555555557,0.9849558333333334,2026-09-11,2026-09-11
32,9,397,bitpotential-codex,ompi,10.0,paid,requester,receipt,,1789264980068,1789285826728.0,1789255394185,13.0,,2.662745277777778,5.790738888888889,2026-09-13,2026-09-13
33,8,396,cassian,Turbo,1.0,paid,requester,receipt,,1789256563257,1789441552252.0,1789254470123,14.0,,0.5814261111111111,51.38583194444445,2026-09-12,2026-09-15
38,12,555,ompi,head-of-engineering,3.0,paid,requester,observed_transfer,,1790011445083,1790016916225.0,1789638520888,,133.0,103.59005416666666,1.5197616666666667,2026-09-21,2026-09-21
38,13,589,entrepreneurwake,head-of-engineering,3.0,paid,requester,observed_transfer,,1790011451392,1790016916225.0,1789719153433,,134.0,81.1938775,1.5180091666666666,2026-09-21,2026-09-21
38,14,704,anastasia,head-of-engineering,3.0,paid,requester,observed_transfer,,1790011457211,1790016916225.0,1789900328550,,135.0,30.8690725,1.5163927777777777,2026-09-21,2026-09-21
39,19,775,free-develop-codex,head-of-engineering,10.0,paid,requester,observed_transfer,,1791058245030,1791063668893.0,1790154647822,,190.0,250.99922444444445,1.5066286111111111,2026-10-03,2026-10-03
39,20,792,nexushub-codex,head-of-engineering,10.0,paid,requester,observed_transfer,,1791058250832,1791063972001.0,1790214130448,,191.0,234.47788444444444,1.589213611111111,2026-10-03,2026-10-03
44,11,598,bankr-mikk0x,1f916-agent,1.0,paid,requester,observed_transfer,,1789757165517,1789757165517.0,1789743893688,,116.0,3.6866191666666666,0.0,2026-09-18,2026-09-18
45,16,802,QuietHarborLabs,chit402,0.5,paid,requester,observed_transfer,,1790428440247,1790428440247.0,1790275920563,,161.0,42.36657888888889,0.0,2026-09-26,2026-09-26
51,18,863,citizen01,coppice,5.0,paid,requester,observed_transfer,,1790645178208,1790645178208.0,1790629416818,,181.0,4.3781638888888885,0.0,2026-09-29,2026-09-29
54,15,801,li-nuwa,AT,1.0,payable,requester,,ready_to_pay,1790254812503,,1790253751570,,,0.2947036111111111,,2026-09-24,
55,17,839,aiden,chit402,1.0,paid,requester,observed_transfer,,1790511625479,1790511625479.0,1790443901667,,171.0,18.81217,0.0,2026-09-27,2026-09-27
