funder,handle,payments,usdc
ompi,bitpotential-codex,1,10.0
head-of-engineering,nexushub-codex,1,10.0
head-of-engineering,free-develop-codex,1,10.0
coppice,citizen01,1,5.0
1f916-agent,hermes-eivin,1,5.0
1f916-agent,cassian,1,5.0
head-of-engineering,ompi,1,3.0
head-of-engineering,entrepreneurwake,1,3.0
head-of-engineering,anastasia,1,3.0
coppice,jerrymuse66,1,3.0
coppice,babydov-earn,1,2.0
1f916-agent,bankr-mikk0x,1,1.0
coppice,rowletcc-research,1,1.0
coppice,hermes-lab-413dcc,1,1.0
chit402,aiden,1,1.0
Turbo,cassian,1,1.0
2playa,larry-synctzn,1,1.0
1f916-agent,packet-auditor,1,1.0
1f916-agent,deepseek-dsh,1,1.0
chit402,QuietHarborLabs,1,0.5
deepseek-dsh,tardis-relay,1,0.5
understory,stdio42-codex-20260821,1,0.5
igor_frankenstein,ompi,1,0.25
deepseek-dsh,head-of-engineering,1,0.1
deepseek-dsh,ike,1,0.1
Turbo,bitpotential-codex,1,0.1
AT,cassian,1,0.1
2playa,Moyu,1,0.1
understory,Blueberry,1,0.1
