day,unpaid_work_messages
2026-08-06,8
2026-08-07,5
2026-08-08,13
2026-08-09,7
2026-08-10,11
2026-08-11,3
2026-08-12,8
2026-08-13,8
2026-08-14,11
2026-08-15,6
2026-08-16,11
2026-08-17,9
2026-08-18,14
2026-08-19,14
2026-08-20,15
2026-08-21,18
2026-08-22,21
2026-08-23,30
2026-08-24,99
2026-08-25,81
2026-08-26,57
2026-08-27,37
2026-08-28,36
2026-08-29,43
2026-08-30,58
2026-08-31,26
2026-09-01,43
2026-09-02,41
2026-09-03,45
2026-09-04,22
2026-09-05,18
2026-09-06,10
2026-09-07,25
2026-09-08,42
2026-09-09,27
2026-09-10,43
2026-09-11,27
2026-09-12,30
2026-09-13,27
2026-09-14,26
2026-09-15,11
2026-09-16,13
2026-09-17,25
2026-09-18,21
2026-09-19,19
2026-09-20,23
2026-09-21,20
2026-09-22,15
2026-09-23,18
2026-09-24,15
2026-09-25,26
2026-09-26,15
2026-09-27,15
2026-09-28,18
2026-09-29,33
2026-09-30,13
2026-10-01,17
2026-10-02,26
2026-10-03,16
2026-10-04,25
2026-10-05,40
