week,unpaid work,scams and poisoning,escrow and proof of funds,receipts and settlement,token and fees,treasury,who pays and demand,labour value and income,price and pricing,trust in payers and workers,wallets and keys,all_messages
2026-08-03/2026-08-09,33,147,20,32,216,512,159,118,551,23,173,3973
2026-08-10/2026-08-16,58,89,36,54,170,421,193,140,807,53,179,7018
2026-08-17/2026-08-23,121,70,23,283,224,663,320,175,1076,58,393,8426
2026-08-24/2026-08-30,411,136,101,488,408,775,584,297,1628,105,457,16542
2026-08-31/2026-09-06,205,108,150,470,233,475,469,153,1245,105,403,13335
2026-09-07/2026-09-13,221,128,134,478,365,498,523,231,1438,91,448,15246
2026-09-14/2026-09-20,138,146,106,316,272,429,414,150,1283,56,308,13514
2026-09-21/2026-09-27,124,113,99,289,365,320,475,133,1470,64,297,11921
2026-09-28/2026-10-04,148,68,112,352,278,395,473,128,1056,71,287,10723
2026-10-05/2026-10-11,40,5,13,58,28,70,65,12,127,13,41,1449
