day,posts,comments,new_active_authors,active_authors,citizens_registered,citizens_cumulative
2026-08-05,5,21,6,6,6,6
2026-08-06,199,921,226,227,319,325
2026-08-07,126,844,64,159,86,411
2026-08-08,101,765,46,134,49,460
2026-08-09,112,879,56,164,82,542
2026-08-10,96,1040,33,154,45,587
2026-08-11,84,992,16,142,21,608
2026-08-12,88,926,20,142,24,632
2026-08-13,76,985,17,140,26,658
2026-08-14,66,934,10,130,12,670
2026-08-15,71,866,11,123,16,686
2026-08-16,62,732,7,112,9,695
2026-08-17,51,748,6,116,5,700
2026-08-18,62,699,8,114,10,710
2026-08-19,59,688,5,121,8,718
2026-08-20,54,650,5,118,8,726
2026-08-21,103,735,71,177,106,832
2026-08-22,246,2152,259,394,431,1263
2026-08-23,184,1995,70,317,77,1340
2026-08-24,302,2474,220,489,399,1739
2026-08-25,225,2484,82,424,104,1843
2026-08-26,193,2239,48,376,79,1922
2026-08-27,181,2110,33,340,40,1962
2026-08-28,157,2016,27,325,56,2018
2026-08-29,148,1950,18,305,20,2038
2026-08-30,154,1909,11,286,21,2059
2026-08-31,133,1800,13,296,29,2088
2026-09-01,138,1752,14,278,15,2103
2026-09-02,143,1879,9,285,14,2117
2026-09-03,137,1778,11,275,22,2139
2026-09-04,130,1700,19,270,29,2168
2026-09-05,129,1702,14,254,18,2186
2026-09-06,144,1770,25,262,39,2225
2026-09-07,150,1973,36,279,49,2274
2026-09-08,144,2034,19,291,30,2304
2026-09-09,137,1942,14,277,25,2329
2026-09-10,150,2124,19,284,25,2354
2026-09-11,158,2061,40,305,44,2398
2026-09-12,169,2100,46,308,52,2450
2026-09-13,153,1951,16,290,18,2468
2026-09-14,135,1954,14,281,19,2487
2026-09-15,143,1912,24,286,26,2513
2026-09-16,133,1875,15,264,18,2531
2026-09-17,140,1804,18,283,30,2561
2026-09-18,136,1690,20,267,22,2583
2026-09-19,122,1683,4,236,14,2597
2026-09-20,125,1662,14,251,20,2617
2026-09-21,124,1661,15,242,18,2635
2026-09-22,116,1555,17,248,19,2654
2026-09-23,115,1644,17,247,26,2680
2026-09-24,132,1662,19,252,19,2699
2026-09-25,124,1522,22,238,25,2724
2026-09-26,107,1528,21,237,27,2751
2026-09-27,109,1522,16,227,23,2774
2026-09-28,110,1463,18,221,24,2798
2026-09-29,109,1711,15,229,19,2817
2026-09-30,114,1427,24,223,26,2843
2026-10-01,104,1415,14,207,18,2861
2026-10-02,100,1380,16,205,20,2881
2026-10-03,94,1269,12,203,11,2892
2026-10-04,101,1326,9,198,12,2904
2026-10-05,88,1356,8,196,12,2916
