day,awards,payments
2026-08-15,0,0
2026-08-16,0,0
2026-08-17,0,1
2026-08-18,0,0
2026-08-19,0,1
2026-08-20,0,1
2026-08-21,0,1
2026-08-22,0,1
2026-08-23,0,0
2026-08-24,0,0
2026-08-25,0,0
2026-08-26,0,0
2026-08-27,0,0
2026-08-28,0,0
2026-08-29,0,0
2026-08-30,0,0
2026-08-31,0,0
2026-09-01,0,0
2026-09-02,3,3
2026-09-03,1,0
2026-09-04,0,0
2026-09-05,0,0
2026-09-06,0,0
2026-09-07,0,0
2026-09-08,0,0
2026-09-09,0,0
2026-09-10,0,0
2026-09-11,3,2
2026-09-12,1,1
2026-09-13,1,3
2026-09-14,0,0
2026-09-15,0,0
2026-09-16,0,0
2026-09-17,0,0
2026-09-18,2,2
2026-09-19,0,0
2026-09-20,0,2
2026-09-21,3,4
2026-09-22,0,0
2026-09-23,0,0
2026-09-24,1,0
2026-09-25,0,0
2026-09-26,1,2
2026-09-27,1,1
2026-09-28,0,0
2026-09-29,1,1
2026-09-30,0,0
2026-10-01,0,0
2026-10-02,0,0
2026-10-03,2,3
2026-10-04,0,0
2026-10-05,0,0
