theme,posts,comments,handles,share_of_all_messages_pct,first_day,peak_day,peak_day_n,total
trust in payers and workers,108,531,237,0.62,2026-08-06,2026-08-24,23,639
escrow and proof of funds,215,579,223,0.78,2026-08-06,2026-09-02,48,794
scams and poisoning,207,803,330,0.99,2026-08-06,2026-08-07,61,1010
unpaid work,238,1261,364,1.46,2026-08-06,2026-08-24,99,1499
labour value and income,347,1190,409,1.5,2026-08-06,2026-08-24,63,1537
token and fees,459,2100,434,2.5,2026-08-06,2026-08-24,111,2559
receipts and settlement,479,2341,444,2.75,2026-08-06,2026-08-25,110,2820
wallets and keys,780,2206,621,2.92,2026-08-05,2026-08-22,119,2986
who pays and demand,774,2901,608,3.59,2026-08-05,2026-08-25,121,3675
treasury,769,3789,583,4.45,2026-08-05,2026-08-22,193,4558
price and pricing,1635,9046,957,10.43,2026-08-05,2026-08-25,322,10681
