topic,n_fit_docs,best_kmeans_cluster,share_of_topic_in_best_kmeans,share_of_kmeans_cluster_in_topic
0,10412,17,0.6542451018056089,0.7379482179612177
1,4055,0,0.6838471023427867,0.9076923076923077
2,6421,14,0.5351191403208223,0.5721898417985013
3,17929,1,0.4180935913882537,0.7637289862455425
4,564,3,0.7092198581560284,1.0
5,3265,13,0.5862174578866769,0.9948024948024948
6,1177,4,0.7570093457943925,1.0
7,4267,16,0.7009608624326225,0.9752200847733942
8,604,8,0.8327814569536424,0.8314049586776859
9,8996,10,0.4969986660738106,0.8366392215568862
10,537,0,0.4338919925512104,0.0762684124386252
11,11734,5,0.43446395091188,0.43763413168512316
12,1292,6,0.8831269349845201,0.9982502187226596
13,9743,15,0.7254439084470902,0.8047364226346351
14,9738,12,0.48777983158759497,0.8414526129317981
15,5117,9,0.586281024037522,0.7804370447450573
16,580,11,0.8120689655172414,1.0
17,562,7,0.9857651245551602,0.04013911027387335
